{
  "best_f2_score": 0.746268656716418,
  "best_precision": 0.46835895602431177,
  "best_recall": 0.8762541806020067,
  "best_params": {
    "iterations": 413,
    "depth": 4,
    "learning_rate": 0.01008478678809697,
    "l2_leaf_reg": 4.554115674545244,
    "border_count": 112,
    "random_strength": 0.011214013972057157,
    "scale_pos_weight": 4.274822937318799,
    "bagging_temperature": 0.6276256082842543
  },
  "best_trial_number": 11,
  "datetime": "2025-12-06T17:37:02.889817"
}